leading_item_id,following_item_id,value
AANGBULD,APQGTRMF,23193
AANGBULD,DEWLVASR,290368
AANGBULD,DNMPSKTB,5211966
AANGBULD,EVBVXETX,5505439
AANGBULD,FTSVTTSR,188638
AANGBULD,GKQIJYDH,6663364
AANGBULD,GYHKIVQT,11487608
AANGBULD,KJNSOAHR,13379245
AANGBULD,LLHREMKS,61890
AANGBULD,NAQIHUKZ,1258
AANGBULD,OKMBFVKS,1470255
AANGBULD,SDWAYPIK,5663457
AANGBULD,UIFPPCLR,82900
AANGBULD,VUAFAIYJ,548540
AANGBULD,ZCELVYQU,26617
AANGBULD,ZKENOUDA,381413
AHMDUILJ,APQGTRMF,25159
AHMDUILJ,ATLDMDBO,37061612
AHMDUILJ,BUZIIBYG,15523667
AHMDUILJ,DUCMGGNW,669281
AHMDUILJ,LRVGFDFM,4136992
AHMDUILJ,QRKRBYJL,2213500
AHMDUILJ,RAWUKQMJ,3721529
AHMDUILJ,UXSPKBJR,339972
AHMDUILJ,WPQXWHYO,11776265
AHMDUILJ,XIIEJNEE,6439
APQGTRMF,ATLDMDBO,37102353
APQGTRMF,AXULOHBQ,97438
APQGTRMF,BEZYMBBT,2798300
APQGTRMF,BSRMSVTC,132618
APQGTRMF,BTMOEMEP,13972796
APQGTRMF,DBWLZWNK,185590
APQGTRMF,DJBLNPNC,1497
APQGTRMF,DNMPSKTB,5159227
APQGTRMF,DUCMGGNW,673797
APQGTRMF,FDXPMYGF,3376
APQGTRMF,GYHKIVQT,11290127
APQGTRMF,HXYSSRXE,5297226
APQGTRMF,JPBRUTWP,5418841
APQGTRMF,OGAFEHLU,2451
APQGTRMF,OKMBFVKS,1436439
APQGTRMF,OXKURKXR,85284
APQGTRMF,QRKRBYJL,2221269
APQGTRMF,QVLMOEYE,913290
APQGTRMF,RAWUKQMJ,3748108
APQGTRMF,RCBZUSIM,4092
APQGTRMF,SDWAYPIK,5618070
APQGTRMF,UIFPPCLR,73113
APQGTRMF,VMAQSTJE,58099
APQGTRMF,WBLJNPZQ,185764
APQGTRMF,WHPUAOID,14736
APQGTRMF,XUOIQPFL,2691848
APQGTRMF,YSYHGLQK,1133
APQGTRMF,ZGJXVMNI,2489370
ATLDMDBO,APQGTRMF,23162
ATLDMDBO,AXULOHBQ,97383
ATLDMDBO,BSRMSVTC,141874
ATLDMDBO,BTMOEMEP,13881329
ATLDMDBO,DBWLZWNK,197028
ATLDMDBO,DEWLVASR,317940
ATLDMDBO,DNMPSKTB,5131853
ATLDMDBO,FQCLOEXA,1675842
ATLDMDBO,GYHKIVQT,11273555
ATLDMDBO,HXYSSRXE,5284293
ATLDMDBO,IGDVVKUD,1478
ATLDMDBO,JPBRUTWP,5346361
ATLDMDBO,LPHPPJUG,1288160
ATLDMDBO,LRVGFDFM,4162167
ATLDMDBO,OGAFEHLU,1892
ATLDMDBO,OKMBFVKS,1414463
ATLDMDBO,OXKURKXR,86648
ATLDMDBO,QRKRBYJL,2258701
ATLDMDBO,QVLMOEYE,892209
ATLDMDBO,RAWUKQMJ,3764561
ATLDMDBO,RCBZUSIM,4975
ATLDMDBO,SDWAYPIK,5543826
ATLDMDBO,UGEQLMXM,217442
ATLDMDBO,UXSPKBJR,343085
ATLDMDBO,VBYCLTYZ,558911
ATLDMDBO,XUOIQPFL,2643705
ATLDMDBO,ZGJXVMNI,2490919
ATLDMDBO,ZKENOUDA,429585
AXULOHBQ,BJALXPFS,165949
AXULOHBQ,BSRMSVTC,131830
AXULOHBQ,DNMPSKTB,5187468
AXULOHBQ,EVBVXETX,5747731
AXULOHBQ,FDXPMYGF,3094
AXULOHBQ,FQCLOEXA,1744979
AXULOHBQ,HCDTGMST,5640
AXULOHBQ,HXYSSRXE,5351147
AXULOHBQ,KEUWZRKO,314869
AXULOHBQ,LUENUFGA,3643618
AXULOHBQ,NZKBIBNU,279598
AXULOHBQ,OGAFEHLU,2277
AXULOHBQ,OKMBFVKS,1425773
AXULOHBQ,PYZMVUWD,188
AXULOHBQ,RJGPVEXX,558334
AXULOHBQ,SAHWCZNH,2081369
AXULOHBQ,UXSPKBJR,369038
AXULOHBQ,VMAQSTJE,58014
AXULOHBQ,WBLJNPZQ,192013
AXULOHBQ,WPQXWHYO,12137904
AXULOHBQ,XIFHSOWQ,57019
AXULOHBQ,XUOIQPFL,2517609
AXULOHBQ,ZGJXVMNI,2495588
AXULOHBQ,ZKENOUDA,395633
BEZYMBBT,ATLDMDBO,37114821
BEZYMBBT,DBWLZWNK,187257
BEZYMBBT,DNMPSKTB,5177045
BEZYMBBT,ELQGMQWE,556738
BEZYMBBT,GYHKIVQT,11211671
BEZYMBBT,HXYSSRXE,5292284
BEZYMBBT,JPBRUTWP,5379644
BEZYMBBT,KJNSOAHR,13260803
BEZYMBBT,OKMBFVKS,1409862
BEZYMBBT,QRKRBYJL,2180042
BEZYMBBT,RAWUKQMJ,3687362
BEZYMBBT,RCBZUSIM,4819
BEZYMBBT,RJGPVEXX,534674
BEZYMBBT,SDWAYPIK,5232600
BEZYMBBT,WBLJNPZQ,195594
BEZYMBBT,XMKRPGLB,676529
BEZYMBBT,ZKENOUDA,416671
BJALXPFS,DNMPSKTB,5202577
BJALXPFS,GYHKIVQT,11154690
BJALXPFS,KEUWZRKO,319676
BJALXPFS,LTOYKIML,325617
BJALXPFS,OGAFEHLU,2649
BJALXPFS,QRKRBYJL,2200296
BJALXPFS,QVLMOEYE,886871
BJALXPFS,RCBZUSIM,4621
BJALXPFS,RJGPVEXX,559995
BJALXPFS,SDWAYPIK,5546510
BJALXPFS,SNHYOVBM,280376
BJALXPFS,UGEQLMXM,206269
BJALXPFS,VMAQSTJE,59967
BLANHGYY,AXULOHBQ,97790
BLANHGYY,BJALXPFS,166579
BLANHGYY,BSRMSVTC,137635
BLANHGYY,DNMPSKTB,5087991
BLANHGYY,EVBVXETX,5720933
BLANHGYY,FDXPMYGF,2156
BLANHGYY,FITUEHWN,92793
BLANHGYY,FQCLOEXA,1696903
BLANHGYY,HCDTGMST,5176
BLANHGYY,HXYSSRXE,5347527
BLANHGYY,JBVHSUWY,281073
BLANHGYY,KEUWZRKO,306523
BLANHGYY,LPHPPJUG,1290761
BLANHGYY,LRVGFDFM,4091563
BLANHGYY,OGAFEHLU,4701
BLANHGYY,PYZMVUWD,221
BLANHGYY,SAHWCZNH,2042913
BLANHGYY,SUOYXCHP,1252
BLANHGYY,TGOELCAG,219947
BLANHGYY,UQYUIVVR,5444022
BLANHGYY,VMAQSTJE,52964
BLANHGYY,WBLJNPZQ,184346
BLANHGYY,WPQXWHYO,11895183
BLANHGYY,WQMVCOEM,20170
BLANHGYY,XUOIQPFL,2640199
BSRMSVTC,BEZYMBBT,2743619
BSRMSVTC,EVBVXETX,5648858
BSRMSVTC,FITUEHWN,90592
BSRMSVTC,HCDTGMST,4976
BSRMSVTC,JBVHSUWY,279376
BSRMSVTC,JPBRUTWP,5351827
BSRMSVTC,KEUWZRKO,318467
BSRMSVTC,LSOIUSXD,104228
BSRMSVTC,LUENUFGA,3619226
BSRMSVTC,OGAFEHLU,2858
BSRMSVTC,PYZMVUWD,214
BSRMSVTC,RJGPVEXX,556089
BSRMSVTC,ROACSLMG,2068716
BSRMSVTC,STZDBITS,14697984
BSRMSVTC,TGOELCAG,145927
BSRMSVTC,UIFPPCLR,77148
BSRMSVTC,VMAQSTJE,58481
BSRMSVTC,WPQXWHYO,11947085
BSRMSVTC,XIFHSOWQ,55762
BSRMSVTC,XUOIQPFL,2669161
BTMOEMEP,APQGTRMF,24380
BTMOEMEP,ATLDMDBO,37096091
BTMOEMEP,BLANHGYY,3594
BTMOEMEP,BSRMSVTC,136327
BTMOEMEP,DBWLZWNK,191670
BTMOEMEP,DNMPSKTB,5153194
BTMOEMEP,FRHNWLNI,759786
BTMOEMEP,GYHKIVQT,11229929
BTMOEMEP,HXYSSRXE,5258650
BTMOEMEP,IGDVVKUD,1584
BTMOEMEP,JBVHSUWY,290287
BTMOEMEP,JPBRUTWP,5377454
BTMOEMEP,LPHPPJUG,1285394
BTMOEMEP,LRVGFDFM,4151507
BTMOEMEP,OGAFEHLU,3526
BTMOEMEP,OKMBFVKS,1416790
BTMOEMEP,OXKURKXR,85404
BTMOEMEP,QRKRBYJL,2195601
BTMOEMEP,QVLMOEYE,898261
BTMOEMEP,RAWUKQMJ,3755328
BTMOEMEP,RCBZUSIM,3704
BTMOEMEP,SDWAYPIK,5575779
BTMOEMEP,UGEQLMXM,218237
BTMOEMEP,UXSPKBJR,337568
BTMOEMEP,VBYCLTYZ,550792
BTMOEMEP,WBLJNPZQ,198862
BTMOEMEP,WQMVCOEM,15943
BTMOEMEP,XIIEJNEE,4861
BTMOEMEP,XUOIQPFL,2653207
BUZIIBYG,BTMOEMEP,13894566
BUZIIBYG,DJBLNPNC,1055
BUZIIBYG,FDXPMYGF,2498
BUZIIBYG,FRHNWLNI,776945
BUZIIBYG,FWUCPMMW,367
BUZIIBYG,RJGPVEXX,523768
BUZIIBYG,SAHWCZNH,2135196
BUZIIBYG,UXSPKBJR,344881
BUZIIBYG,WPQXWHYO,11814235
BUZIIBYG,ZXERAXWP,21725
CCLHWFWF,DBWLZWNK,195588
CCLHWFWF,DUCMGGNW,704133
CCLHWFWF,FCYBOAXC,114132248
CCLHWFWF,FQCLOEXA,1664943
CCLHWFWF,FWUCPMMW,647
CCLHWFWF,LRVGFDFM,4109464
CCLHWFWF,LSOIUSXD,108609
CCLHWFWF,LTOYKIML,328875
CCLHWFWF,OGAFEHLU,2929
CCLHWFWF,VBYCLTYZ,548465
CCLHWFWF,VUAFAIYJ,586254
CCLHWFWF,VWMBASNE,93895
CCLHWFWF,WHPUAOID,15053
DBWLZWNK,APQGTRMF,22238
DBWLZWNK,ATLDMDBO,37144161
DBWLZWNK,AXULOHBQ,96328
DBWLZWNK,BTMOEMEP,13879089
DBWLZWNK,ELQGMQWE,539617
DBWLZWNK,FRHNWLNI,757122
DBWLZWNK,FWUCPMMW,431
DBWLZWNK,GYHKIVQT,11227360
DBWLZWNK,IGDVVKUD,1521
DBWLZWNK,JBVHSUWY,286013
DBWLZWNK,JPBRUTWP,5382171
DBWLZWNK,LRVGFDFM,4196869
DBWLZWNK,LSOIUSXD,107467
DBWLZWNK,QRKRBYJL,2178717
DBWLZWNK,QVLMOEYE,906183
DBWLZWNK,RCBZUSIM,3635
DBWLZWNK,UXSPKBJR,343828
DBWLZWNK,VBYCLTYZ,536460
DBWLZWNK,WHPUAOID,16219
DDEXPPXU,JERHKLYW,7142
DDEXPPXU,NZKBIBNU,253665
DEWLVASR,APQGTRMF,24168
DEWLVASR,BEZYMBBT,2806436
DEWLVASR,DNMPSKTB,5294493
DEWLVASR,ELQGMQWE,516609
DEWLVASR,EVBVXETX,5459034
DEWLVASR,GYHKIVQT,11944176
DEWLVASR,JPBRUTWP,5425615
DEWLVASR,KJNSOAHR,13151507
DEWLVASR,OGAFEHLU,4083
DEWLVASR,OKMBFVKS,1463762
DEWLVASR,RAWUKQMJ,3759954
DEWLVASR,SDWAYPIK,5627771
DEWLVASR,UIFPPCLR,83610
DEWLVASR,VMAQSTJE,61773
DEWLVASR,WPQXWHYO,11699791
DEWLVASR,XUOIQPFL,2682907
DEWLVASR,ZCELVYQU,26847
DEWLVASR,ZGJXVMNI,2424840
DEWLVASR,ZKENOUDA,383367
DEWLVASR,ZXERAXWP,21057
DJBLNPNC,AXULOHBQ,100422
DJBLNPNC,BLANHGYY,3724
DJBLNPNC,BSRMSVTC,129044
DJBLNPNC,FDXPMYGF,1965
DJBLNPNC,MBSBZBXA,4594393
DJBLNPNC,ROACSLMG,2033782
DJBLNPNC,SUOYXCHP,1688
DJBLNPNC,UQYUIVVR,5437361
DJBLNPNC,UXSPKBJR,343323
DJBLNPNC,WBLJNPZQ,187307
DJBLNPNC,WHPUAOID,17255
DJBLNPNC,WQMVCOEM,16895
DNMPSKTB,AANGBULD,1143843
DNMPSKTB,APQGTRMF,27000
DNMPSKTB,ATLDMDBO,37112135
DNMPSKTB,AXULOHBQ,98813
DNMPSKTB,DBWLZWNK,190081
DNMPSKTB,DEWLVASR,316569
DNMPSKTB,ELQGMQWE,555917
DNMPSKTB,EVBVXETX,5695879
DNMPSKTB,FQCLOEXA,1723812
DNMPSKTB,GYHKIVQT,11193622
DNMPSKTB,HXYSSRXE,5268489
DNMPSKTB,IGDVVKUD,1697
DNMPSKTB,JPBRUTWP,5395726
DNMPSKTB,KJNSOAHR,13150322
DNMPSKTB,LPHPPJUG,1286898
DNMPSKTB,LRVGFDFM,4165559
DNMPSKTB,OGAFEHLU,5456
DNMPSKTB,OKMBFVKS,1432315
DNMPSKTB,OXKURKXR,85892
DNMPSKTB,QJQJSWFU,130865
DNMPSKTB,QRKRBYJL,2184465
DNMPSKTB,QVLMOEYE,892415
DNMPSKTB,RAWUKQMJ,3754974
DNMPSKTB,RCBZUSIM,4186
DNMPSKTB,RJGPVEXX,561047
DNMPSKTB,SDWAYPIK,5578927
DNMPSKTB,UGEQLMXM,215104
DNMPSKTB,UIFPPCLR,75446
DNMPSKTB,VBYCLTYZ,556025
DNMPSKTB,VWMBASNE,93760
DNMPSKTB,WBLJNPZQ,198455
DNMPSKTB,XIFHSOWQ,56280
DNMPSKTB,XIIEJNEE,5960
DNMPSKTB,XUOIQPFL,2677417
DNMPSKTB,ZGJXVMNI,2495414
DNMPSKTB,ZKENOUDA,428826
DUCMGGNW,BLANHGYY,3531
DUCMGGNW,OGAFEHLU,3319
DUCMGGNW,RJGPVEXX,536280
DUCMGGNW,UXSPKBJR,336646
ELQGMQWE,AANGBULD,956670
ELQGMQWE,DEWLVASR,293332
ELQGMQWE,FITUEHWN,89446
ELQGMQWE,FQCLOEXA,1671940
ELQGMQWE,FTSVTTSR,188630
ELQGMQWE,GYHKIVQT,11928434
ELQGMQWE,HXYSSRXE,5459197
ELQGMQWE,JSLXRQOK,580
ELQGMQWE,KEUWZRKO,339975
ELQGMQWE,KJNSOAHR,13314703
ELQGMQWE,LLHREMKS,60030
ELQGMQWE,NAQIHUKZ,2199
ELQGMQWE,OKMBFVKS,1472598
ELQGMQWE,SDWAYPIK,5621018
ELQGMQWE,UIFPPCLR,80346
ELQGMQWE,WBLJNPZQ,210129
ELQGMQWE,XIIEJNEE,5200
ELQGMQWE,XUOIQPFL,2680416
ELQGMQWE,ZKENOUDA,383130
EVBVXETX,ATLDMDBO,37064962
EVBVXETX,BJALXPFS,176293
EVBVXETX,BLANHGYY,3833
EVBVXETX,DNMPSKTB,5156232
EVBVXETX,FDXPMYGF,2810
EVBVXETX,FQCLOEXA,1670592
EVBVXETX,FRHNWLNI,768112
EVBVXETX,IGDVVKUD,1481
EVBVXETX,KEUWZRKO,348293
EVBVXETX,KJNSOAHR,13170751
EVBVXETX,LUENUFGA,3746607
EVBVXETX,MIRCVAMV,12880
EVBVXETX,NZKBIBNU,264402
EVBVXETX,QRKRBYJL,2188254
EVBVXETX,RCBZUSIM,4354
EVBVXETX,SAHWCZNH,2116169
EVBVXETX,WPQXWHYO,11937934
EVBVXETX,XIFHSOWQ,60686
EVBVXETX,XIPPENFQ,142001
EVBVXETX,ZCELVYQU,27831
FCYBOAXC,FRHNWLNI,771413
FCYBOAXC,FWUCPMMW,583
FCYBOAXC,QKXNTIIB,1784308
FCYBOAXC,VUAFAIYJ,571188
FDXPMYGF,BSRMSVTC,133001
FDXPMYGF,DUCMGGNW,665234
FDXPMYGF,FITUEHWN,91775
FDXPMYGF,HCDTGMST,3331
FDXPMYGF,HXYSSRXE,5323125
FDXPMYGF,JERHKLYW,6598
FDXPMYGF,JPBRUTWP,5486897
FDXPMYGF,KEUWZRKO,317873
FDXPMYGF,LUENUFGA,3695043
FDXPMYGF,OGAFEHLU,2317
FDXPMYGF,PYZMVUWD,205
FDXPMYGF,SUOYXCHP,1531
FDXPMYGF,TGOELCAG,166823
FDXPMYGF,VMAQSTJE,57271
FDXPMYGF,WBLJNPZQ,190032
FDXPMYGF,WPQXWHYO,11906200
FDXPMYGF,WQMVCOEM,22770
FDXPMYGF,XIFHSOWQ,57951
FITUEHWN,KJNSOAHR,13270442
FITUEHWN,RCBZUSIM,5467
FITUEHWN,SAAYMURU,9807
FITUEHWN,STZDBITS,14770009
FQCLOEXA,AXULOHBQ,99676
FQCLOEXA,BSRMSVTC,140680
FQCLOEXA,DEWLVASR,295093
FQCLOEXA,EVBVXETX,5472072
FQCLOEXA,FITUEHWN,92015
FQCLOEXA,FRHNWLNI,759097
FQCLOEXA,IGDVVKUD,1500
FQCLOEXA,KEUWZRKO,346907
FQCLOEXA,LUENUFGA,3713865
FQCLOEXA,NZKBIBNU,253030
FQCLOEXA,PYZMVUWD,240
FQCLOEXA,QJQJSWFU,131056
FQCLOEXA,SAHWCZNH,2131563
FQCLOEXA,SNHYOVBM,290808
FQCLOEXA,WPQXWHYO,11805980
FQCLOEXA,XIFHSOWQ,58901
FQCLOEXA,XIPPENFQ,137541
FQCLOEXA,ZCELVYQU,25653
FQCLOEXA,ZKENOUDA,382827
FQCLOEXA,ZXERAXWP,20939
FRHNWLNI,ATLDMDBO,37267107
FRHNWLNI,BLANHGYY,3630
FRHNWLNI,DNMPSKTB,5138934
FRHNWLNI,DUCMGGNW,672096
FRHNWLNI,HXYSSRXE,5283755
FRHNWLNI,IGDVVKUD,1648
FRHNWLNI,LPHPPJUG,1282925
FRHNWLNI,LUENUFGA,3722768
FRHNWLNI,QRKRBYJL,2210215
FRHNWLNI,RCBZUSIM,4322
FRHNWLNI,VBYCLTYZ,541894
FTSVTTSR,DEWLVASR,294429
FTSVTTSR,GKQIJYDH,6605599
FTSVTTSR,KAGJCHMR,2802
FTSVTTSR,LLHREMKS,69218
FTSVTTSR,MBSBZBXA,4538407
FTSVTTSR,SAAYMURU,9152
FTSVTTSR,SNHYOVBM,272584
FTSVTTSR,STZDBITS,14553422
FTSVTTSR,TGOELCAG,151977
FTSVTTSR,XIIEJNEE,5249
FTSVTTSR,ZCELVYQU,26757
FWUCPMMW,AXULOHBQ,98804
FWUCPMMW,BLANHGYY,3805
FWUCPMMW,BSRMSVTC,127436
FWUCPMMW,FDXPMYGF,2337
FWUCPMMW,FTSVTTSR,182740
FWUCPMMW,JSLXRQOK,523
FWUCPMMW,LLHREMKS,63443
FWUCPMMW,NAQIHUKZ,1476
FWUCPMMW,WBLJNPZQ,188509
FWUCPMMW,WHPUAOID,15035
FWUCPMMW,XIIEJNEE,3978
GKQIJYDH,FWUCPMMW,512
GKQIJYDH,XMKRPGLB,658800
GKQIJYDH,YSYHGLQK,1199
GKQIJYDH,ZXERAXWP,20326
GYHKIVQT,AANGBULD,860764
GYHKIVQT,APQGTRMF,26549
GYHKIVQT,ATLDMDBO,36771852
GYHKIVQT,AXULOHBQ,100947
GYHKIVQT,BEZYMBBT,2753440
GYHKIVQT,BSRMSVTC,137710
GYHKIVQT,DEWLVASR,318477
GYHKIVQT,DNMPSKTB,5135086
GYHKIVQT,ELQGMQWE,556466
GYHKIVQT,EVBVXETX,5692610
GYHKIVQT,FQCLOEXA,1729114
GYHKIVQT,HXYSSRXE,5298564
GYHKIVQT,KEUWZRKO,321529
GYHKIVQT,KJNSOAHR,13191040
GYHKIVQT,LPHPPJUG,1273711
GYHKIVQT,NZKBIBNU,292937
GYHKIVQT,OGAFEHLU,4073
GYHKIVQT,OKMBFVKS,1390940
GYHKIVQT,QRKRBYJL,2184187
GYHKIVQT,QVLMOEYE,908832
GYHKIVQT,RCBZUSIM,4566
GYHKIVQT,RJGPVEXX,556014
GYHKIVQT,SAHWCZNH,2078002
GYHKIVQT,SDWAYPIK,5519373
GYHKIVQT,UIFPPCLR,77798
GYHKIVQT,VWMBASNE,94612
GYHKIVQT,WBLJNPZQ,195696
GYHKIVQT,WPQXWHYO,12010234
GYHKIVQT,XUOIQPFL,2672317
GYHKIVQT,ZGJXVMNI,2480079
GYHKIVQT,ZKENOUDA,428712
GYHKIVQT,ZXERAXWP,21146
HCDTGMST,AHMDUILJ,108092
HCDTGMST,ATLDMDBO,38915723
HCDTGMST,BEZYMBBT,2831089
HCDTGMST,FRHNWLNI,791299
HCDTGMST,JERHKLYW,5132
HCDTGMST,KEUWZRKO,323672
HCDTGMST,LUENUFGA,3647448
HCDTGMST,MBSBZBXA,4624813
HCDTGMST,RCBZUSIM,6497
HCDTGMST,STZDBITS,14557789
HCDTGMST,XIFHSOWQ,54892
HXYSSRXE,ATLDMDBO,36950129
HXYSSRXE,AXULOHBQ,98685
HXYSSRXE,BLANHGYY,3692
HXYSSRXE,BSRMSVTC,134293
HXYSSRXE,DEWLVASR,302942
HXYSSRXE,DNMPSKTB,5165831
HXYSSRXE,EVBVXETX,5703622
HXYSSRXE,FDXPMYGF,3053
HXYSSRXE,FQCLOEXA,1731773
HXYSSRXE,GYHKIVQT,11186997
HXYSSRXE,JBVHSUWY,295240
HXYSSRXE,JPBRUTWP,5357468
HXYSSRXE,KEUWZRKO,318827
HXYSSRXE,LPHPPJUG,1280451
HXYSSRXE,OGAFEHLU,4142
HXYSSRXE,PYZMVUWD,216
HXYSSRXE,RAWUKQMJ,3663077
HXYSSRXE,RJGPVEXX,560348
HXYSSRXE,SAHWCZNH,2040790
HXYSSRXE,SDWAYPIK,5566078
HXYSSRXE,SUOYXCHP,1477
HXYSSRXE,UGEQLMXM,216910
HXYSSRXE,XIFHSOWQ,56067
HXYSSRXE,ZGJXVMNI,2504040
HXYSSRXE,ZKENOUDA,427720
IGDVVKUD,ATLDMDBO,36920383
IGDVVKUD,BLANHGYY,3470
IGDVVKUD,BSRMSVTC,132369
IGDVVKUD,BTMOEMEP,13960335
IGDVVKUD,DJBLNPNC,865
IGDVVKUD,DNMPSKTB,5166580
IGDVVKUD,FDXPMYGF,2971
IGDVVKUD,FWUCPMMW,413
IGDVVKUD,HXYSSRXE,5284511
IGDVVKUD,LRVGFDFM,4148768
IGDVVKUD,QRKRBYJL,2208948
IGDVVKUD,QVLMOEYE,907618
IGDVVKUD,ROACSLMG,2014363
IGDVVKUD,SDWAYPIK,5568186
IGDVVKUD,SNHYOVBM,272703
IGDVVKUD,SUOYXCHP,1393
IGDVVKUD,UGEQLMXM,208130
IGDVVKUD,UXSPKBJR,338654
IGDVVKUD,VBYCLTYZ,520084
IGDVVKUD,WHPUAOID,15318
IGDVVKUD,WQMVCOEM,14935
JBVHSUWY,APQGTRMF,22347
JBVHSUWY,BEZYMBBT,2732095
JBVHSUWY,ELQGMQWE,554268
JBVHSUWY,FTSVTTSR,191982
JBVHSUWY,KEUWZRKO,321286
JBVHSUWY,KJNSOAHR,13316791
JBVHSUWY,LLHREMKS,60942
JBVHSUWY,LTOYKIML,338526
JBVHSUWY,NAQIHUKZ,2787
JBVHSUWY,SAAYMURU,9430
JBVHSUWY,SUOYXCHP,1202
JBVHSUWY,VMAQSTJE,55911
JBVHSUWY,ZKENOUDA,396978
JERHKLYW,BEZYMBBT,2785936
JERHKLYW,DBWLZWNK,199951
JERHKLYW,QKXNTIIB,1732621
JERHKLYW,TGOELCAG,168901
JERHKLYW,VUAFAIYJ,543431
JERHKLYW,XIPPENFQ,125999
JPBRUTWP,APQGTRMF,23815
JPBRUTWP,ATLDMDBO,37434293
JPBRUTWP,AXULOHBQ,99043
JPBRUTWP,BEZYMBBT,2762181
JPBRUTWP,BTMOEMEP,13627836
JPBRUTWP,DEWLVASR,310730
JPBRUTWP,DNMPSKTB,5102722
JPBRUTWP,ELQGMQWE,556152
JPBRUTWP,FDXPMYGF,3300
JPBRUTWP,FQCLOEXA,1723812
JPBRUTWP,GYHKIVQT,11335488
JPBRUTWP,HXYSSRXE,5281038
JPBRUTWP,JBVHSUWY,293532
JPBRUTWP,KJNSOAHR,13335424
JPBRUTWP,OGAFEHLU,7382
JPBRUTWP,OKMBFVKS,1427637
JPBRUTWP,OXKURKXR,85010
JPBRUTWP,QRKRBYJL,2218246
JPBRUTWP,QVLMOEYE,909972
JPBRUTWP,RCBZUSIM,3497
JPBRUTWP,RJGPVEXX,535432
JPBRUTWP,SDWAYPIK,5535383
JPBRUTWP,UGEQLMXM,210151
JPBRUTWP,VBYCLTYZ,551527
JPBRUTWP,VWMBASNE,93486
JPBRUTWP,WBLJNPZQ,192978
JPBRUTWP,XUOIQPFL,2661951
JPBRUTWP,ZGJXVMNI,2509998
JPBRUTWP,ZKENOUDA,427891
JSLXRQOK,BUZIIBYG,15927099
JSLXRQOK,DJBLNPNC,897
JSLXRQOK,FTSVTTSR,193433
JSLXRQOK,KJNSOAHR,13333415
JSLXRQOK,LLHREMKS,70756
JSLXRQOK,NAQIHUKZ,3083
JSLXRQOK,SAAYMURU,10583
JSLXRQOK,STZDBITS,14300076
JSLXRQOK,TGOELCAG,220424
JSLXRQOK,XIIEJNEE,4482
KAGJCHMR,AANGBULD,1004755
KAGJCHMR,DDEXPPXU,13634
KAGJCHMR,FQCLOEXA,1679920
KAGJCHMR,FWUCPMMW,349
KAGJCHMR,GKQIJYDH,6815439
KAGJCHMR,JERHKLYW,5739
KAGJCHMR,JSLXRQOK,557
KAGJCHMR,LTOYKIML,313506
KAGJCHMR,RJGPVEXX,525795
KAGJCHMR,ZKENOUDA,384241
KEUWZRKO,EVBVXETX,5676295
KEUWZRKO,FRHNWLNI,812945
KEUWZRKO,LUENUFGA,3635886
KEUWZRKO,NZKBIBNU,279194
KEUWZRKO,RJGPVEXX,531638
KEUWZRKO,SAHWCZNH,2064538
KEUWZRKO,UIFPPCLR,74647
KEUWZRKO,VWMBASNE,91997
KEUWZRKO,WPQXWHYO,11850178
KEUWZRKO,XIFHSOWQ,53863
KEUWZRKO,XIPPENFQ,122900
KJNSOAHR,BTMOEMEP,13953057
KJNSOAHR,EVBVXETX,5451131
KJNSOAHR,FCYBOAXC,117911934
KJNSOAHR,GKQIJYDH,6584905
KJNSOAHR,IGDVVKUD,1776
KJNSOAHR,LRVGFDFM,4151453
KJNSOAHR,QRKRBYJL,2179227
KJNSOAHR,QVLMOEYE,868328
KJNSOAHR,RCBZUSIM,4746
KJNSOAHR,UGEQLMXM,211133
KJNSOAHR,VBYCLTYZ,564043
KJNSOAHR,ZCELVYQU,28579
LLHREMKS,AANGBULD,991920
LLHREMKS,BLANHGYY,3360
LLHREMKS,ELQGMQWE,510422
LLHREMKS,FWUCPMMW,392
LLHREMKS,GKQIJYDH,6741657
LLHREMKS,KAGJCHMR,2839
LLHREMKS,KJNSOAHR,13063423
LLHREMKS,LSOIUSXD,102740
LLHREMKS,MBSBZBXA,4625806
LLHREMKS,QKXNTIIB,1728665
LLHREMKS,STZDBITS,14802554
LLHREMKS,UGEQLMXM,205381
LLHREMKS,VBYCLTYZ,516547
LLHREMKS,XIIEJNEE,4527
LLHREMKS,YSYHGLQK,932
LLHREMKS,ZCELVYQU,25375
LLHREMKS,ZXERAXWP,21131
LPHPPJUG,AHMDUILJ,106173
LPHPPJUG,AXULOHBQ,99039
LPHPPJUG,DDEXPPXU,10812
LPHPPJUG,DJBLNPNC,1323
LPHPPJUG,EVBVXETX,5456895
LPHPPJUG,FQCLOEXA,1679276
LPHPPJUG,HXYSSRXE,5447643
LPHPPJUG,KEUWZRKO,349625
LPHPPJUG,LUENUFGA,3657998
LPHPPJUG,NZKBIBNU,253242
LPHPPJUG,OGAFEHLU,3886
LPHPPJUG,SAHWCZNH,2115962
LPHPPJUG,VMAQSTJE,55049
LPHPPJUG,ZKENOUDA,385649
LRVGFDFM,APQGTRMF,25440
LRVGFDFM,ATLDMDBO,36881188
LRVGFDFM,AXULOHBQ,103018
LRVGFDFM,BTMOEMEP,13916819
LRVGFDFM,DBWLZWNK,194355
LRVGFDFM,DNMPSKTB,5122677
LRVGFDFM,GYHKIVQT,11180852
LRVGFDFM,IGDVVKUD,1460
LRVGFDFM,JPBRUTWP,5385679
LRVGFDFM,LPHPPJUG,1288169
LRVGFDFM,LSOIUSXD,110601
LRVGFDFM,OGAFEHLU,3059
LRVGFDFM,OKMBFVKS,1414841
LRVGFDFM,OXKURKXR,87142
LRVGFDFM,QRKRBYJL,2206617
LRVGFDFM,QVLMOEYE,905427
LRVGFDFM,RCBZUSIM,3878
LRVGFDFM,ROACSLMG,1999450
LRVGFDFM,SDWAYPIK,5554900
LRVGFDFM,UGEQLMXM,213788
LRVGFDFM,UXSPKBJR,340506
LRVGFDFM,VBYCLTYZ,561899
LRVGFDFM,VUAFAIYJ,560355
LRVGFDFM,VWMBASNE,95176
LRVGFDFM,XIIEJNEE,5173
LRVGFDFM,XUOIQPFL,2665107
LSOIUSXD,AXULOHBQ,96192
LSOIUSXD,CCLHWFWF,13879944
LSOIUSXD,DUCMGGNW,666292
LSOIUSXD,ELQGMQWE,557405
LSOIUSXD,FCYBOAXC,121277149
LSOIUSXD,GYHKIVQT,11307167
LSOIUSXD,KJNSOAHR,13308545
LSOIUSXD,LRVGFDFM,4211696
LSOIUSXD,MIRCVAMV,15587
LSOIUSXD,QVLMOEYE,911923
LSOIUSXD,UIFPPCLR,79069
LSOIUSXD,VUAFAIYJ,544697
LSOIUSXD,VWMBASNE,91750
LSOIUSXD,WBLJNPZQ,181611
LSOIUSXD,XIPPENFQ,127527
LSOIUSXD,XUOIQPFL,2730749
LSOIUSXD,ZKENOUDA,409377
LTOYKIML,DEWLVASR,292808
LTOYKIML,FTSVTTSR,187862
LTOYKIML,JPBRUTWP,5547470
LTOYKIML,JSLXRQOK,508
LTOYKIML,LLHREMKS,60248
LTOYKIML,MBSBZBXA,4618685
LTOYKIML,NAQIHUKZ,2151
LTOYKIML,OXKURKXR,86348
LTOYKIML,VUAFAIYJ,526589
LTOYKIML,XIIEJNEE,5137
LTOYKIML,ZCELVYQU,26953
LUENUFGA,ATLDMDBO,39033913
LUENUFGA,DNMPSKTB,5347032
LUENUFGA,EVBVXETX,5650144
LUENUFGA,KJNSOAHR,13155050
LUENUFGA,LPHPPJUG,1204943
LUENUFGA,MIRCVAMV,11866
LUENUFGA,RAWUKQMJ,3700268
LUENUFGA,SAHWCZNH,2025766
LUENUFGA,VWMBASNE,91846
LUENUFGA,XIFHSOWQ,55043
LUENUFGA,XIPPENFQ,126666
LUENUFGA,ZXERAXWP,19523
MBSBZBXA,HCDTGMST,4417
MBSBZBXA,JERHKLYW,5478
MBSBZBXA,QJQJSWFU,135097
MBSBZBXA,VBYCLTYZ,569386
MIRCVAMV,CCLHWFWF,13829362
MIRCVAMV,DBWLZWNK,190017
MIRCVAMV,DDEXPPXU,11846
MIRCVAMV,KAGJCHMR,2869
MIRCVAMV,LTOYKIML,303813
MIRCVAMV,NZKBIBNU,246542
MIRCVAMV,VUAFAIYJ,566316
MIRCVAMV,ZGJXVMNI,2436398
NAQIHUKZ,DEWLVASR,295910
NAQIHUKZ,FITUEHWN,94718
NAQIHUKZ,FTSVTTSR,198547
NAQIHUKZ,GKQIJYDH,6744939
NAQIHUKZ,KAGJCHMR,3308
NAQIHUKZ,LLHREMKS,67796
NAQIHUKZ,SAAYMURU,9576
NAQIHUKZ,STZDBITS,14752686
NAQIHUKZ,TGOELCAG,216617
NAQIHUKZ,ZCELVYQU,25872
NZKBIBNU,AANGBULD,988729
NZKBIBNU,DEWLVASR,273661
NZKBIBNU,DUCMGGNW,669597
NZKBIBNU,ELQGMQWE,510921
NZKBIBNU,EVBVXETX,5451981
NZKBIBNU,FITUEHWN,91322
NZKBIBNU,FRHNWLNI,776063
NZKBIBNU,FTSVTTSR,186824
NZKBIBNU,FWUCPMMW,426
NZKBIBNU,JSLXRQOK,403
NZKBIBNU,KEUWZRKO,350899
NZKBIBNU,KJNSOAHR,13084592
NZKBIBNU,LUENUFGA,3732264
NZKBIBNU,NAQIHUKZ,2661
NZKBIBNU,OKMBFVKS,1464441
NZKBIBNU,SAHWCZNH,2128088
NZKBIBNU,WPQXWHYO,11759522
NZKBIBNU,XIFHSOWQ,56121
NZKBIBNU,XIIEJNEE,5055
NZKBIBNU,XIPPENFQ,126917
OGAFEHLU,AHMDUILJ,107883
OGAFEHLU,APQGTRMF,34258
OGAFEHLU,ATLDMDBO,36773491
OGAFEHLU,BTMOEMEP,13914472
OGAFEHLU,DBWLZWNK,187652
OGAFEHLU,DNMPSKTB,5297075
OGAFEHLU,DUCMGGNW,652577
OGAFEHLU,FCYBOAXC,118306033
OGAFEHLU,FRHNWLNI,754396
OGAFEHLU,GYHKIVQT,11510340
OGAFEHLU,IGDVVKUD,1555
OGAFEHLU,JPBRUTWP,5482414
OGAFEHLU,LRVGFDFM,4254535
OGAFEHLU,OKMBFVKS,1445134
OGAFEHLU,OXKURKXR,85218
OGAFEHLU,QRKRBYJL,2187705
OGAFEHLU,QVLMOEYE,939294
OGAFEHLU,RCBZUSIM,3639
OGAFEHLU,RJGPVEXX,551039
OGAFEHLU,ROACSLMG,2016092
OGAFEHLU,SDWAYPIK,5571787
OGAFEHLU,UGEQLMXM,212294
OGAFEHLU,UIFPPCLR,80277
OGAFEHLU,UQYUIVVR,5488014
OGAFEHLU,UXSPKBJR,340262
OGAFEHLU,VBYCLTYZ,548788
OGAFEHLU,VWMBASNE,93608
OGAFEHLU,WBLJNPZQ,185301
OGAFEHLU,WQMVCOEM,21539
OGAFEHLU,XIIEJNEE,4904
OGAFEHLU,XUOIQPFL,2672923
OGAFEHLU,ZGJXVMNI,2481148
OJIFIHMZ,AHMDUILJ,108062
OJIFIHMZ,FITUEHWN,87915
OJIFIHMZ,JERHKLYW,5507
OJIFIHMZ,KEUWZRKO,350609
OJIFIHMZ,SNHYOVBM,274774
OJIFIHMZ,STZDBITS,14465279
OKMBFVKS,APQGTRMF,23606
OKMBFVKS,ATLDMDBO,37145950
OKMBFVKS,BEZYMBBT,2757270
OKMBFVKS,BTMOEMEP,13865573
OKMBFVKS,DEWLVASR,314780
OKMBFVKS,DJBLNPNC,1132
OKMBFVKS,ELQGMQWE,554605
OKMBFVKS,FCYBOAXC,119316967
OKMBFVKS,FDXPMYGF,2483
OKMBFVKS,FQCLOEXA,1733323
OKMBFVKS,FRHNWLNI,768873
OKMBFVKS,GYHKIVQT,11344010
OKMBFVKS,IGDVVKUD,1547
OKMBFVKS,JPBRUTWP,5345854
OKMBFVKS,KJNSOAHR,13317834
OKMBFVKS,QVLMOEYE,907328
OKMBFVKS,RCBZUSIM,5316
OKMBFVKS,RJGPVEXX,551820
OKMBFVKS,SDWAYPIK,5449543
OKMBFVKS,UIFPPCLR,74943
OKMBFVKS,VWMBASNE,90899
OKMBFVKS,ZGJXVMNI,2479881
OKMBFVKS,ZKENOUDA,409302
OKMBFVKS,ZXERAXWP,20661
OXKURKXR,APQGTRMF,22288
OXKURKXR,ATLDMDBO,37180416
OXKURKXR,AXULOHBQ,98085
OXKURKXR,BEZYMBBT,2752382
OXKURKXR,DEWLVASR,311848
OXKURKXR,DJBLNPNC,1024
OXKURKXR,DNMPSKTB,5183480
OXKURKXR,ELQGMQWE,559270
OXKURKXR,FQCLOEXA,1741196
OXKURKXR,FTSVTTSR,189610
OXKURKXR,GYHKIVQT,11170297
OXKURKXR,HXYSSRXE,5313645
OXKURKXR,JPBRUTWP,5424642
OXKURKXR,JSLXRQOK,389
OXKURKXR,NAQIHUKZ,2820
OXKURKXR,QRKRBYJL,2204254
OXKURKXR,QVLMOEYE,912717
OXKURKXR,RAWUKQMJ,3766364
OXKURKXR,RCBZUSIM,4496
OXKURKXR,SDWAYPIK,5616191
OXKURKXR,TGOELCAG,178804
OXKURKXR,UGEQLMXM,207645
OXKURKXR,WBLJNPZQ,188328
OXKURKXR,ZKENOUDA,408548
PYZMVUWD,AHMDUILJ,107926
PYZMVUWD,DDEXPPXU,15014
PYZMVUWD,KJNSOAHR,13036911
PYZMVUWD,LSOIUSXD,101834
PYZMVUWD,LUENUFGA,3657832
PYZMVUWD,MIRCVAMV,13590
PYZMVUWD,QJQJSWFU,128334
PYZMVUWD,RJGPVEXX,548554
PYZMVUWD,UGEQLMXM,209098
PYZMVUWD,VUAFAIYJ,560182
PYZMVUWD,VWMBASNE,92267
PYZMVUWD,XIFHSOWQ,57193
PYZMVUWD,XIPPENFQ,127341
PYZMVUWD,XMKRPGLB,660460
PYZMVUWD,ZXERAXWP,22407
QJQJSWFU,HCDTGMST,6691
QJQJSWFU,OKMBFVKS,1418493
QJQJSWFU,OXKURKXR,83291
QJQJSWFU,SDWAYPIK,5573647
QKXNTIIB,BLANHGYY,3661
QKXNTIIB,FTSVTTSR,186929
QKXNTIIB,JSLXRQOK,504
QKXNTIIB,NAQIHUKZ,3375
QKXNTIIB,SNHYOVBM,276610
QKXNTIIB,TGOELCAG,171614
QKXNTIIB,XIIEJNEE,6163
QRKRBYJL,AANGBULD,1086383
QRKRBYJL,APQGTRMF,24975
QRKRBYJL,ATLDMDBO,37309248
QRKRBYJL,AXULOHBQ,92112
QRKRBYJL,BEZYMBBT,2747391
QRKRBYJL,BJALXPFS,175008
QRKRBYJL,BLANHGYY,3638
QRKRBYJL,BTMOEMEP,14054123
QRKRBYJL,DEWLVASR,310904
QRKRBYJL,DNMPSKTB,5187991
QRKRBYJL,FDXPMYGF,2560
QRKRBYJL,FQCLOEXA,1719565
QRKRBYJL,FRHNWLNI,766417
QRKRBYJL,GYHKIVQT,11207758
QRKRBYJL,HXYSSRXE,5284344
QRKRBYJL,JPBRUTWP,5423408
QRKRBYJL,LPHPPJUG,1279726
QRKRBYJL,LRVGFDFM,4122845
QRKRBYJL,OGAFEHLU,6110
QRKRBYJL,OKMBFVKS,1416937
QRKRBYJL,OXKURKXR,85054
QRKRBYJL,QVLMOEYE,930112
QRKRBYJL,RAWUKQMJ,3725601
QRKRBYJL,RCBZUSIM,4301
QRKRBYJL,RJGPVEXX,551820
QRKRBYJL,SDWAYPIK,5601537
QRKRBYJL,UGEQLMXM,218545
QRKRBYJL,UIFPPCLR,75022
QRKRBYJL,UXSPKBJR,338994
QRKRBYJL,VBYCLTYZ,541223
QRKRBYJL,WBLJNPZQ,197255
QRKRBYJL,XUOIQPFL,2659824
QRKRBYJL,ZGJXVMNI,2513170
QRKRBYJL,ZKENOUDA,414257
QVLMOEYE,APQGTRMF,24780
QVLMOEYE,ATLDMDBO,37408802
QVLMOEYE,AXULOHBQ,89488
QVLMOEYE,BEZYMBBT,2719362
QVLMOEYE,BJALXPFS,167309
QVLMOEYE,BLANHGYY,3431
QVLMOEYE,BSRMSVTC,133639
QVLMOEYE,BTMOEMEP,14054875
QVLMOEYE,DJBLNPNC,1106
QVLMOEYE,DNMPSKTB,5090009
QVLMOEYE,ELQGMQWE,531123
QVLMOEYE,FDXPMYGF,2318
QVLMOEYE,FQCLOEXA,1690354
QVLMOEYE,FRHNWLNI,769252
QVLMOEYE,GYHKIVQT,11335960
QVLMOEYE,HXYSSRXE,5287516
QVLMOEYE,JPBRUTWP,5377213
QVLMOEYE,LPHPPJUG,1284654
QVLMOEYE,OKMBFVKS,1410277
QVLMOEYE,QRKRBYJL,2183949
QVLMOEYE,RAWUKQMJ,3726972
QVLMOEYE,RCBZUSIM,4252
QVLMOEYE,SDWAYPIK,5588731
QVLMOEYE,VBYCLTYZ,530849
QVLMOEYE,VWMBASNE,91448
QVLMOEYE,WBLJNPZQ,182683
QVLMOEYE,WQMVCOEM,21735
QVLMOEYE,XUOIQPFL,2657428
QVLMOEYE,ZGJXVMNI,2493982
QVLMOEYE,ZKENOUDA,412421
RAWUKQMJ,AXULOHBQ,98520
RAWUKQMJ,DNMPSKTB,5147487
RAWUKQMJ,EVBVXETX,5543362
RAWUKQMJ,FDXPMYGF,3339
RAWUKQMJ,FQCLOEXA,1729628
RAWUKQMJ,GYHKIVQT,11221344
RAWUKQMJ,HXYSSRXE,5272974
RAWUKQMJ,NZKBIBNU,288678
RAWUKQMJ,SAHWCZNH,2050536
RAWUKQMJ,UGEQLMXM,200956
RAWUKQMJ,VMAQSTJE,60271
RAWUKQMJ,WPQXWHYO,12026740
RAWUKQMJ,ZGJXVMNI,2506104
RCBZUSIM,APQGTRMF,24485
RCBZUSIM,ATLDMDBO,37192425
RCBZUSIM,AXULOHBQ,96735
RCBZUSIM,BJALXPFS,165335
RCBZUSIM,BLANHGYY,3980
RCBZUSIM,BTMOEMEP,13942333
RCBZUSIM,DNMPSKTB,5213019
RCBZUSIM,FDXPMYGF,2391
RCBZUSIM,GYHKIVQT,11249760
RCBZUSIM,HXYSSRXE,5351210
RCBZUSIM,JPBRUTWP,5414097
RCBZUSIM,OXKURKXR,83085
RCBZUSIM,QVLMOEYE,904644
RCBZUSIM,WBLJNPZQ,188080
RCBZUSIM,XUOIQPFL,2665447
RCBZUSIM,YSYHGLQK,1089
RCBZUSIM,ZGJXVMNI,2515021
RJGPVEXX,AANGBULD,916527
RJGPVEXX,EVBVXETX,5430493
RJGPVEXX,FITUEHWN,91511
RJGPVEXX,GYHKIVQT,11863803
RJGPVEXX,JBVHSUWY,297082
RJGPVEXX,KEUWZRKO,347621
RJGPVEXX,KJNSOAHR,13060280
RJGPVEXX,LUENUFGA,3679555
RJGPVEXX,MIRCVAMV,12837
RJGPVEXX,SAHWCZNH,2052830
RJGPVEXX,SDWAYPIK,5638725
RJGPVEXX,UQYUIVVR,5406386
RJGPVEXX,VBYCLTYZ,557397
RJGPVEXX,VUAFAIYJ,545981
RJGPVEXX,VWMBASNE,91982
RJGPVEXX,WPQXWHYO,11768859
RJGPVEXX,XIFHSOWQ,57512
RJGPVEXX,XIPPENFQ,135195
RJGPVEXX,ZKENOUDA,386444
ROACSLMG,APQGTRMF,24424
ROACSLMG,ATLDMDBO,36995396
ROACSLMG,BEZYMBBT,2694169
ROACSLMG,BTMOEMEP,13987945
ROACSLMG,DJBLNPNC,1305
ROACSLMG,FDXPMYGF,3000
ROACSLMG,IGDVVKUD,1396
ROACSLMG,JPBRUTWP,5378345
ROACSLMG,QRKRBYJL,2182049
ROACSLMG,SNHYOVBM,278879
ROACSLMG,TGOELCAG,176403
ROACSLMG,VBYCLTYZ,539991
ROACSLMG,XMKRPGLB,648713
ROACSLMG,XUOIQPFL,2608287
SAAYMURU,BJALXPFS,167318
SAAYMURU,FWUCPMMW,412
SAAYMURU,MBSBZBXA,4614595
SAAYMURU,STZDBITS,14725865
SAAYMURU,UQYUIVVR,5493291
SAAYMURU,XIIEJNEE,5922
SAHWCZNH,ATLDMDBO,39030122
SAHWCZNH,EVBVXETX,5702938
SAHWCZNH,FRHNWLNI,814392
SAHWCZNH,HXYSSRXE,5479381
SAHWCZNH,JSLXRQOK,538
SAHWCZNH,KEUWZRKO,318324
SAHWCZNH,KJNSOAHR,13291889
SAHWCZNH,LUENUFGA,3595534
SAHWCZNH,MIRCVAMV,12473
SAHWCZNH,NZKBIBNU,279805
SAHWCZNH,RJGPVEXX,553466
SAHWCZNH,WPQXWHYO,11884321
SAHWCZNH,WQMVCOEM,13943
SAHWCZNH,XIFHSOWQ,49677
SAHWCZNH,XIPPENFQ,123037
SDWAYPIK,AANGBULD,932145
SDWAYPIK,APQGTRMF,26640
SDWAYPIK,ATLDMDBO,37031372
SDWAYPIK,AXULOHBQ,96193
SDWAYPIK,BEZYMBBT,2766997
SDWAYPIK,BTMOEMEP,13987476
SDWAYPIK,DBWLZWNK,191128
SDWAYPIK,DEWLVASR,313472
SDWAYPIK,DNMPSKTB,5164647
SDWAYPIK,DUCMGGNW,674674
SDWAYPIK,GYHKIVQT,11236222
SDWAYPIK,HXYSSRXE,5285938
SDWAYPIK,IGDVVKUD,1655
SDWAYPIK,JPBRUTWP,5406698
SDWAYPIK,KJNSOAHR,13379510
SDWAYPIK,LPHPPJUG,1287070
SDWAYPIK,LRVGFDFM,4120687
SDWAYPIK,LSOIUSXD,109684
SDWAYPIK,OGAFEHLU,7410
SDWAYPIK,OKMBFVKS,1433768
SDWAYPIK,OXKURKXR,84988
SDWAYPIK,QJQJSWFU,130787
SDWAYPIK,QRKRBYJL,2231946
SDWAYPIK,QVLMOEYE,897519
SDWAYPIK,RAWUKQMJ,3741997
SDWAYPIK,RCBZUSIM,3817
SDWAYPIK,RJGPVEXX,545364
SDWAYPIK,UGEQLMXM,217516
SDWAYPIK,UIFPPCLR,77303
SDWAYPIK,UXSPKBJR,340418
SDWAYPIK,VBYCLTYZ,557774
SDWAYPIK,VWMBASNE,92920
SDWAYPIK,WBLJNPZQ,195629
SDWAYPIK,WQMVCOEM,16745
SDWAYPIK,XUOIQPFL,2683562
SDWAYPIK,ZGJXVMNI,2513381
SDWAYPIK,ZKENOUDA,430327
SNHYOVBM,AHMDUILJ,113533
SNHYOVBM,BLANHGYY,3547
SNHYOVBM,DBWLZWNK,187228
SNHYOVBM,DJBLNPNC,1185
SNHYOVBM,DUCMGGNW,680528
STZDBITS,FWUCPMMW,556
STZDBITS,LTOYKIML,333608
STZDBITS,XIIEJNEE,5328
STZDBITS,YSYHGLQK,1015
SUOYXCHP,FITUEHWN,92837
SUOYXCHP,HCDTGMST,5318
SUOYXCHP,KEUWZRKO,316439
SUOYXCHP,QJQJSWFU,126703
SUOYXCHP,RJGPVEXX,551080
SUOYXCHP,STZDBITS,14524580
SUOYXCHP,WPQXWHYO,11976395
TGOELCAG,KEUWZRKO,316155
TGOELCAG,LLHREMKS,55261
TGOELCAG,LUENUFGA,3645947
TGOELCAG,OJIFIHMZ,1603443
TGOELCAG,XIFHSOWQ,55942
TGOELCAG,XMKRPGLB,630106
TGOELCAG,YSYHGLQK,1132
UGEQLMXM,APQGTRMF,22805
UGEQLMXM,ATLDMDBO,37464531
UGEQLMXM,AXULOHBQ,99507
UGEQLMXM,BTMOEMEP,13910713
UGEQLMXM,DBWLZWNK,181004
UGEQLMXM,DJBLNPNC,910
UGEQLMXM,DNMPSKTB,5118902
UGEQLMXM,DUCMGGNW,669392
UGEQLMXM,FQCLOEXA,1738962
UGEQLMXM,GYHKIVQT,11350847
UGEQLMXM,HXYSSRXE,5321542
UGEQLMXM,IGDVVKUD,1393
UGEQLMXM,JPBRUTWP,5451285
UGEQLMXM,KJNSOAHR,13400489
UGEQLMXM,LPHPPJUG,1283281
UGEQLMXM,LSOIUSXD,101742
UGEQLMXM,OGAFEHLU,4432
UGEQLMXM,OKMBFVKS,1426119
UGEQLMXM,OXKURKXR,85369
UGEQLMXM,QRKRBYJL,2231419
UGEQLMXM,QVLMOEYE,902130
UGEQLMXM,RAWUKQMJ,3789595
UGEQLMXM,RCBZUSIM,4043
UGEQLMXM,ROACSLMG,2029918
UGEQLMXM,SDWAYPIK,5566463
UGEQLMXM,UXSPKBJR,337817
UGEQLMXM,VBYCLTYZ,531866
UGEQLMXM,VWMBASNE,91080
UGEQLMXM,WHPUAOID,14644
UGEQLMXM,XUOIQPFL,2681409
UGEQLMXM,ZGJXVMNI,2477777
UGEQLMXM,ZKENOUDA,411340
UIFPPCLR,APQGTRMF,22791
UIFPPCLR,BEZYMBBT,2795890
UIFPPCLR,DEWLVASR,307150
UIFPPCLR,ELQGMQWE,563970
UIFPPCLR,GYHKIVQT,11461820
UIFPPCLR,HXYSSRXE,5316794
UIFPPCLR,KJNSOAHR,13522949
UIFPPCLR,QRKRBYJL,2215276
UIFPPCLR,QVLMOEYE,922782
UIFPPCLR,SDWAYPIK,5607414
UIFPPCLR,UXSPKBJR,341159
UIFPPCLR,VBYCLTYZ,538673
UIFPPCLR,WQMVCOEM,17500
UIFPPCLR,XUOIQPFL,2701167
UIFPPCLR,ZKENOUDA,414144
UQYUIVVR,HCDTGMST,4862
UQYUIVVR,OGAFEHLU,5272
UQYUIVVR,TGOELCAG,160814
UQYUIVVR,UIFPPCLR,82352
UQYUIVVR,VMAQSTJE,58313
UQYUIVVR,WHPUAOID,15736
UQYUIVVR,WQMVCOEM,23454
UQYUIVVR,ZKENOUDA,382071
UXSPKBJR,APQGTRMF,21942
UXSPKBJR,ATLDMDBO,37110595
UXSPKBJR,BTMOEMEP,13860296
UXSPKBJR,DBWLZWNK,185039
UXSPKBJR,DNMPSKTB,5130980
UXSPKBJR,FRHNWLNI,761676
UXSPKBJR,HXYSSRXE,5280946
UXSPKBJR,IGDVVKUD,1429
UXSPKBJR,JPBRUTWP,5364948
UXSPKBJR,KEUWZRKO,338636
UXSPKBJR,LRVGFDFM,4149694
UXSPKBJR,NZKBIBNU,253000
UXSPKBJR,OJIFIHMZ,1527070
UXSPKBJR,QRKRBYJL,2210100
UXSPKBJR,QVLMOEYE,901204
UXSPKBJR,RAWUKQMJ,3710342
UXSPKBJR,RCBZUSIM,3860
UXSPKBJR,SAHWCZNH,2101020
UXSPKBJR,SDWAYPIK,5542892
UXSPKBJR,VBYCLTYZ,544358
UXSPKBJR,WQMVCOEM,17877
UXSPKBJR,XIIEJNEE,7709
VBYCLTYZ,APQGTRMF,25254
VBYCLTYZ,ATLDMDBO,37904042
VBYCLTYZ,AXULOHBQ,94659
VBYCLTYZ,BEZYMBBT,2779598
VBYCLTYZ,BJALXPFS,166606
VBYCLTYZ,BLANHGYY,3212
VBYCLTYZ,BTMOEMEP,13851468
VBYCLTYZ,DJBLNPNC,861
VBYCLTYZ,DNMPSKTB,5135677
VBYCLTYZ,FDXPMYGF,2279
VBYCLTYZ,FRHNWLNI,765468
VBYCLTYZ,GYHKIVQT,11261135
VBYCLTYZ,HXYSSRXE,5268188
VBYCLTYZ,IGDVVKUD,1419
VBYCLTYZ,JPBRUTWP,5456896
VBYCLTYZ,LPHPPJUG,1277453
VBYCLTYZ,OXKURKXR,81133
VBYCLTYZ,QRKRBYJL,2183344
VBYCLTYZ,QVLMOEYE,919573
VBYCLTYZ,RAWUKQMJ,3718925
VBYCLTYZ,RCBZUSIM,3703
VBYCLTYZ,SDWAYPIK,5594027
VBYCLTYZ,UGEQLMXM,206805
VBYCLTYZ,UXSPKBJR,339372
VBYCLTYZ,WQMVCOEM,15094
VBYCLTYZ,XUOIQPFL,2740611
VBYCLTYZ,ZGJXVMNI,2454116
VBYCLTYZ,ZKENOUDA,394057
VMAQSTJE,EVBVXETX,5578676
VMAQSTJE,KEUWZRKO,316939
VMAQSTJE,LUENUFGA,3656503
VMAQSTJE,OGAFEHLU,4321
VMAQSTJE,OJIFIHMZ,1554214
VMAQSTJE,PYZMVUWD,250
VMAQSTJE,RCBZUSIM,5781
VMAQSTJE,STZDBITS,14848343
VMAQSTJE,UIFPPCLR,77825
VMAQSTJE,VWMBASNE,90797
VMAQSTJE,WPQXWHYO,11915341
VMAQSTJE,XIFHSOWQ,57287
VUAFAIYJ,APQGTRMF,24965
VUAFAIYJ,CCLHWFWF,13636985
VUAFAIYJ,FCYBOAXC,119220589
VUAFAIYJ,LLHREMKS,59719
VUAFAIYJ,LRVGFDFM,4155867
VUAFAIYJ,LSOIUSXD,110168
VUAFAIYJ,UGEQLMXM,211141
VUAFAIYJ,UIFPPCLR,81640
VUAFAIYJ,VWMBASNE,97085
VUAFAIYJ,WBLJNPZQ,189037
VUAFAIYJ,WHPUAOID,15997
VUAFAIYJ,XIPPENFQ,132769
VUAFAIYJ,ZCELVYQU,28313
VUAFAIYJ,ZXERAXWP,21687
VWMBASNE,CCLHWFWF,13846909
VWMBASNE,FCYBOAXC,120980553
VWMBASNE,LRVGFDFM,4120737
VWMBASNE,MIRCVAMV,13874
VWMBASNE,WBLJNPZQ,184343
VWMBASNE,XIPPENFQ,125670
WBLJNPZQ,AANGBULD,1058780
WBLJNPZQ,ATLDMDBO,36906922
WBLJNPZQ,BJALXPFS,164818
WBLJNPZQ,BSRMSVTC,132730
WBLJNPZQ,BTMOEMEP,14037445
WBLJNPZQ,CCLHWFWF,13883371
WBLJNPZQ,DBWLZWNK,187732
WBLJNPZQ,DEWLVASR,314388
WBLJNPZQ,FQCLOEXA,1726645
WBLJNPZQ,HXYSSRXE,5338377
WBLJNPZQ,JPBRUTWP,5383118
WBLJNPZQ,LPHPPJUG,1281353
WBLJNPZQ,LRVGFDFM,4185503
WBLJNPZQ,LSOIUSXD,102034
WBLJNPZQ,MIRCVAMV,10128
WBLJNPZQ,OGAFEHLU,2626
WBLJNPZQ,OKMBFVKS,1411912
WBLJNPZQ,OXKURKXR,82091
WBLJNPZQ,QRKRBYJL,2209518
WBLJNPZQ,QVLMOEYE,897588
WBLJNPZQ,RAWUKQMJ,3791489
WBLJNPZQ,RJGPVEXX,560395
WBLJNPZQ,SDWAYPIK,5551370
WBLJNPZQ,SNHYOVBM,317446
WBLJNPZQ,UGEQLMXM,207976
WBLJNPZQ,UIFPPCLR,75483
WBLJNPZQ,VUAFAIYJ,569794
WBLJNPZQ,XIFHSOWQ,54750
WBLJNPZQ,XUOIQPFL,2693039
WBLJNPZQ,ZGJXVMNI,2504475
WBLJNPZQ,ZKENOUDA,409069
WHPUAOID,DUCMGGNW,675949
WHPUAOID,FDXPMYGF,3344
WHPUAOID,LLHREMKS,62535
WHPUAOID,LRVGFDFM,4169200
WHPUAOID,OJIFIHMZ,1546899
WHPUAOID,XMKRPGLB,677837
WPQXWHYO,EVBVXETX,5429984
WPQXWHYO,KJNSOAHR,13058232
WPQXWHYO,LUENUFGA,3739816
WPQXWHYO,MIRCVAMV,13049
WPQXWHYO,NZKBIBNU,262963
WPQXWHYO,RJGPVEXX,527439
WPQXWHYO,SAHWCZNH,2119715
WPQXWHYO,VMAQSTJE,61752
WPQXWHYO,XIFHSOWQ,60830
WPQXWHYO,XIPPENFQ,142321
WPQXWHYO,ZKENOUDA,392970
WQMVCOEM,AXULOHBQ,95871
WQMVCOEM,BJALXPFS,168239
WQMVCOEM,DNMPSKTB,5112917
WQMVCOEM,FDXPMYGF,2921
WQMVCOEM,HXYSSRXE,5289725
WQMVCOEM,JPBRUTWP,5391531
WQMVCOEM,OGAFEHLU,1718
XIFHSOWQ,AXULOHBQ,96823
XIFHSOWQ,EVBVXETX,5752478
XIFHSOWQ,FCYBOAXC,119218681
XIFHSOWQ,FRHNWLNI,799943
XIFHSOWQ,LUENUFGA,3688001
XIFHSOWQ,MIRCVAMV,12310
XIFHSOWQ,NZKBIBNU,279236
XIFHSOWQ,SAHWCZNH,2039943
XIFHSOWQ,VWMBASNE,91233
XIFHSOWQ,WPQXWHYO,12097592
XIFHSOWQ,XIPPENFQ,119770
XIIEJNEE,ATLDMDBO,37139644
XIIEJNEE,BTMOEMEP,14034050
XIIEJNEE,BUZIIBYG,15779994
XIIEJNEE,DBWLZWNK,185981
XIIEJNEE,DJBLNPNC,890
XIIEJNEE,EVBVXETX,5492561
XIIEJNEE,FRHNWLNI,764660
XIIEJNEE,FWUCPMMW,452
XIIEJNEE,HXYSSRXE,5263689
XIIEJNEE,IGDVVKUD,995
XIIEJNEE,LRVGFDFM,4236085
XIIEJNEE,OKMBFVKS,1418870
XIIEJNEE,QRKRBYJL,2202623
XIIEJNEE,QVLMOEYE,903242
XIIEJNEE,RCBZUSIM,4455
XIIEJNEE,ROACSLMG,2009032
XIIEJNEE,SAAYMURU,9648
XIIEJNEE,SDWAYPIK,5589927
XIIEJNEE,SNHYOVBM,262886
XIIEJNEE,UGEQLMXM,203365
XIIEJNEE,UXSPKBJR,338226
XIIEJNEE,VBYCLTYZ,533366
XIIEJNEE,VWMBASNE,90976
XIIEJNEE,WHPUAOID,16444
XIPPENFQ,DDEXPPXU,11340
XIPPENFQ,FCYBOAXC,119398411
XIPPENFQ,MIRCVAMV,12263
XIPPENFQ,ZGJXVMNI,2422668
XMKRPGLB,BSRMSVTC,136064
XMKRPGLB,SNHYOVBM,277590
XUOIQPFL,APQGTRMF,25431
XUOIQPFL,ATLDMDBO,37342348
XUOIQPFL,BEZYMBBT,2755681
XUOIQPFL,BTMOEMEP,13901516
XUOIQPFL,DBWLZWNK,190731
XUOIQPFL,DEWLVASR,313254
XUOIQPFL,DJBLNPNC,1532
XUOIQPFL,DNMPSKTB,5131538
XUOIQPFL,GYHKIVQT,11286361
XUOIQPFL,IGDVVKUD,1627
XUOIQPFL,JPBRUTWP,5385130
XUOIQPFL,KJNSOAHR,13285163
XUOIQPFL,LPHPPJUG,1242155
XUOIQPFL,LRVGFDFM,4159756
XUOIQPFL,LSOIUSXD,108827
XUOIQPFL,OGAFEHLU,5544
XUOIQPFL,OKMBFVKS,1426787
XUOIQPFL,OXKURKXR,85627
XUOIQPFL,QRKRBYJL,2210579
XUOIQPFL,QVLMOEYE,929552
XUOIQPFL,RAWUKQMJ,3768526
XUOIQPFL,RCBZUSIM,4584
XUOIQPFL,SDWAYPIK,5496617
XUOIQPFL,UGEQLMXM,214997
XUOIQPFL,UIFPPCLR,79844
XUOIQPFL,UXSPKBJR,342860
XUOIQPFL,VBYCLTYZ,553288
XUOIQPFL,VWMBASNE,93740
XUOIQPFL,XIIEJNEE,4984
XUOIQPFL,ZGJXVMNI,2486475
XUOIQPFL,ZKENOUDA,411614
YSYHGLQK,AANGBULD,1197975
YSYHGLQK,HCDTGMST,5728
YSYHGLQK,LPHPPJUG,1209792
YSYHGLQK,ZXERAXWP,22727
ZCELVYQU,BJALXPFS,166857
ZCELVYQU,BLANHGYY,3237
ZCELVYQU,ELQGMQWE,520170
ZCELVYQU,FWUCPMMW,387
ZCELVYQU,LSOIUSXD,105548
ZCELVYQU,MBSBZBXA,4561154
ZCELVYQU,UGEQLMXM,213064
ZCELVYQU,WBLJNPZQ,187688
ZCELVYQU,ZXERAXWP,21085
ZGJXVMNI,AANGBULD,937314
ZGJXVMNI,ATLDMDBO,38721122
ZGJXVMNI,BEZYMBBT,2773488
ZGJXVMNI,DDEXPPXU,10617
ZGJXVMNI,DEWLVASR,296780
ZGJXVMNI,DNMPSKTB,5331993
ZGJXVMNI,EVBVXETX,5479538
ZGJXVMNI,FQCLOEXA,1645834
ZGJXVMNI,GYHKIVQT,11990040
ZGJXVMNI,JSLXRQOK,444
ZGJXVMNI,KEUWZRKO,331597
ZGJXVMNI,LPHPPJUG,1231943
ZGJXVMNI,NZKBIBNU,264337
ZGJXVMNI,OKMBFVKS,1456878
ZGJXVMNI,QRKRBYJL,2271279
ZGJXVMNI,QVLMOEYE,945713
ZGJXVMNI,RAWUKQMJ,3802124
ZGJXVMNI,RJGPVEXX,522179
ZGJXVMNI,SAHWCZNH,2131014
ZGJXVMNI,SDWAYPIK,5692804
ZGJXVMNI,UGEQLMXM,235408
ZGJXVMNI,UQYUIVVR,5417980
ZGJXVMNI,VBYCLTYZ,552397
ZGJXVMNI,VUAFAIYJ,568606
ZGJXVMNI,WBLJNPZQ,208285
ZGJXVMNI,WPQXWHYO,11726002
ZGJXVMNI,XUOIQPFL,2768523
ZGJXVMNI,ZKENOUDA,399440
ZKENOUDA,AANGBULD,963110
ZKENOUDA,APQGTRMF,24574
ZKENOUDA,BEZYMBBT,2840298
ZKENOUDA,DEWLVASR,308947
ZKENOUDA,DNMPSKTB,5295201
ZKENOUDA,ELQGMQWE,510530
ZKENOUDA,EVBVXETX,5413446
ZKENOUDA,FITUEHWN,91807
ZKENOUDA,FQCLOEXA,1549745
ZKENOUDA,FTSVTTSR,185592
ZKENOUDA,GKQIJYDH,6589567
ZKENOUDA,GYHKIVQT,11992937
ZKENOUDA,KJNSOAHR,13172187
ZKENOUDA,NAQIHUKZ,3433
ZKENOUDA,OKMBFVKS,1449399
ZKENOUDA,QVLMOEYE,917048
ZKENOUDA,RJGPVEXX,522258
ZKENOUDA,SDWAYPIK,5666155
ZKENOUDA,UIFPPCLR,81961
ZKENOUDA,VMAQSTJE,61774
ZKENOUDA,VUAFAIYJ,545689
ZKENOUDA,XIIEJNEE,4947
ZKENOUDA,XUOIQPFL,2753477
ZKENOUDA,ZCELVYQU,25228
ZKENOUDA,ZGJXVMNI,2420611
ZKENOUDA,ZXERAXWP,20525
ZXERAXWP,BEZYMBBT,2859337
ZXERAXWP,CCLHWFWF,13891814
ZXERAXWP,DBWLZWNK,203851
ZXERAXWP,FITUEHWN,89837
ZXERAXWP,MIRCVAMV,13810
ZXERAXWP,UIFPPCLR,82082
ZXERAXWP,WHPUAOID,14658
